{
  "model_name": "gradient_boosting",
  "balancing_method": "smote",
  "best_params": {
    "learning_rate": 0.2,
    "max_depth": 7,
    "min_samples_split": 5,
    "n_estimators": 200
  },
  "cv_results": {
    "cv_scores": {
      "accuracy_test": [
        0.9120580235720761,
        0.9029918404351768,
        0.9201451905626135,
        0.911070780399274,
        0.9029038112522686
      ],
      "accuracy_train": [
        0.9358131095486505,
        0.9364935359491948,
        0.9387755102040817,
        0.9396825396825397,
        0.9324263038548752
      ],
      "precision_test": [
        0.9142335766423357,
        0.9097605893186004,
        0.9279112754158965,
        0.9217877094972067,
        0.8992805755395683
      ],
      "precision_train": [
        0.9440850277264325,
        0.9466109563602599,
        0.9481241315423807,
        0.9536733738886289,
        0.9359853680841335
      ],
      "recall_test": [
        0.9092558983666061,
        0.894927536231884,
        0.911070780399274,
        0.8983666061705989,
        0.9074410163339383
      ],
      "recall_train": [
        0.926530612244898,
        0.9251361161524501,
        0.9283446712018141,
        0.9242630385487528,
        0.9283446712018141
      ],
      "f1_test": [
        0.9117379435850773,
        0.902283105022831,
        0.9194139194139194,
        0.9099264705882353,
        0.9033423667570009
      ],
      "f1_train": [
        0.9352254520485237,
        0.9357503441945847,
        0.9381301558203483,
        0.9387379087977891,
        0.9321493624772313
      ],
      "roc_auc_test": [
        0.966118914227097,
        0.9642777295562743,
        0.9656522870478028,
        0.9671081452300884,
        0.9658565024489378
      ],
      "roc_auc_train": [
        0.981689445288097,
        0.9830822952290413,
        0.9818166299021498,
        0.9837187180238687,
        0.9802164735886796
      ]
    },
    "mean_scores": {
      "accuracy_test": 0.9098339292442817,
      "accuracy_train": 0.9366381998478683,
      "precision_test": 0.9145947452827216,
      "precision_train": 0.9456957715203671,
      "recall_test": 0.9042123675004603,
      "recall_train": 0.9265238218699459,
      "f1_test": 0.9093407610734128,
      "f1_train": 0.9359986446676954,
      "roc_auc_test": 0.9658027157020401,
      "roc_auc_train": 0.9821047124063673
    },
    "std_scores": {
      "accuracy_test": 0.006444210129850834,
      "accuracy_train": 0.0025407821665376054,
      "precision_test": 0.00987007609467096,
      "precision_train": 0.005783823401486206,
      "recall_test": 0.006376209243585611,
      "recall_train": 0.0016533541103875532,
      "f1_test": 0.0062185094980449634,
      "f1_train": 0.0023462037891629913,
      "roc_auc_test": 0.0009116174964186966,
      "roc_auc_train": 0.0012150363327809428
    }
  },
  "val_metrics": {
    "accuracy": 0.9109663409337676,
    "precision": 0.0,
    "recall": 0.0,
    "f1": 0.0,
    "roc_auc": 0.5956804083742568,
    "pr_auc": 0.10198661847168092
  },
  "test_metrics": {
    "accuracy": 0.9160636758321273,
    "precision": 0.16666666666666666,
    "recall": 0.018518518518518517,
    "f1": 0.03333333333333333,
    "roc_auc": 0.5715739287167858,
    "pr_auc": 0.10449704842827645,
    "confusion_matrix": [
      [
        632,
        5
      ],
      [
        53,
        1
      ]
    ]
  }
}