{
  "model_name": "logistic_regression",
  "balancing_method": "none",
  "best_params": {
    "C": 0.1,
    "class_weight": "balanced",
    "penalty": "l1",
    "solver": "saga"
  },
  "cv_results": {
    "cv_scores": {
      "accuracy_test": [
        0.9181969949916527,
        0.9214046822742475,
        0.9214046822742475,
        0.9214046822742475,
        0.9214046822742475
      ],
      "accuracy_train": [
        0.9218227424749164,
        0.9206017551190974,
        0.9206017551190974,
        0.9201838696197242,
        0.9206017551190974
      ],
      "precision_test": [
        0.0,
        0.5,
        0.0,
        0.0,
        0.0
      ],
      "precision_train": [
        0.6666666666666666,
        0.0,
        0.3333333333333333,
        0.2,
        0.0
      ],
      "recall_test": [
        0.0,
        0.02127659574468085,
        0.0,
        0.0,
        0.0
      ],
      "recall_train": [
        0.010638297872340425,
        0.0,
        0.010638297872340425,
        0.005319148936170213,
        0.0
      ],
      "f1_test": [
        0.0,
        0.04081632653061224,
        0.0,
        0.0,
        0.0
      ],
      "f1_train": [
        0.020942408376963352,
        0.0,
        0.020618556701030927,
        0.010362694300518135,
        0.0
      ],
      "roc_auc_test": [
        0.7006244218316373,
        0.7382708421824922,
        0.7201220218558135,
        0.7375757809784917,
        0.7120515889871414
      ],
      "roc_auc_train": [
        0.7743054214773913,
        0.7676147054566509,
        0.7699088145896655,
        0.7663192936749168,
        0.7694938968495201
      ]
    },
    "mean_scores": {
      "accuracy_test": 0.9207631448177287,
      "accuracy_train": 0.9207623754903865,
      "precision_test": 0.1,
      "precision_train": 0.24,
      "recall_test": 0.00425531914893617,
      "recall_train": 0.005319148936170213,
      "f1_test": 0.008163265306122448,
      "f1_train": 0.010384731875702484,
      "roc_auc_test": 0.7217289311671153,
      "roc_auc_train": 0.7695284264096289
    },
    "std_scores": {
      "accuracy_test": 0.0012830749130379182,
      "accuracy_train": 0.0005543363410946213,
      "precision_test": 0.20000000000000004,
      "precision_train": 0.24801433650317697,
      "recall_test": 0.00851063829787234,
      "recall_train": 0.004757591441488914,
      "f1_test": 0.016326530612244896,
      "f1_train": 0.009293885103399624,
      "roc_auc_test": 0.014604046647962315,
      "roc_auc_train": 0.002717588273831318
    }
  },
  "val_metrics": {
    "accuracy": 0.6677524429967426,
    "precision": 0.13707165109034267,
    "recall": 0.6027397260273972,
    "f1": 0.2233502538071066,
    "roc_auc": 0.720421943654691,
    "pr_auc": 0.2159978046433878
  },
  "test_metrics": {
    "accuracy": 0.6729377713458755,
    "precision": 0.10550458715596331,
    "recall": 0.42592592592592593,
    "f1": 0.16911764705882354,
    "roc_auc": 0.6120413977556836,
    "pr_auc": 0.1200866539240333,
    "confusion_matrix": [
      [
        442,
        195
      ],
      [
        31,
        23
      ]
    ]
  }
}