{
  "model_name": "logistic_regression",
  "balancing_method": "smote",
  "best_params": {
    "C": 1,
    "class_weight": null,
    "penalty": "l2",
    "solver": "saga"
  },
  "cv_results": {
    "cv_scores": {
      "accuracy_test": [
        0.7252946509519492,
        0.7398005439709883,
        0.7441016333938294,
        0.7504537205081669,
        0.73502722323049
      ],
      "accuracy_train": [
        0.7427988205942391,
        0.7427988205942391,
        0.7462585034013606,
        0.7426303854875284,
        0.744671201814059
      ],
      "precision_test": [
        0.7279411764705882,
        0.7378815080789947,
        0.7322970639032815,
        0.740418118466899,
        0.7191201353637902
      ],
      "precision_train": [
        0.7353846153846154,
        0.736098852603707,
        0.7389964788732394,
        0.737145390070922,
        0.7373515178178619
      ],
      "recall_test": [
        0.7186932849364791,
        0.7445652173913043,
        0.7695099818511797,
        0.7713248638838476,
        0.7713248638838476
      ],
      "recall_train": [
        0.7587301587301587,
        0.7568058076225045,
        0.7614512471655329,
        0.7541950113378685,
        0.7600907029478458
      ],
      "f1_test": [
        0.7232876712328767,
        0.7412082957619477,
        0.7504424778761062,
        0.7555555555555555,
        0.7443082311733801
      ],
      "f1_train": [
        0.746875,
        0.7463087248322148,
        0.7500558409649318,
        0.7455727415377718,
        0.7485484591335417
      ],
      "roc_auc_test": [
        0.8044661879586523,
        0.8166706120623899,
        0.8136797968386138,
        0.8212983488196679,
        0.8030507145892141
      ],
      "roc_auc_train": [
        0.8188552250906412,
        0.8154079780732619,
        0.8165441354168275,
        0.8132496233565233,
        0.8191568328011476
      ]
    },
    "mean_scores": {
      "accuracy_test": 0.7389355544110847,
      "accuracy_train": 0.7438315463782852,
      "precision_test": 0.7315316004567107,
      "precision_train": 0.7369953709500692,
      "recall_test": 0.7550836423893317,
      "recall_train": 0.7582545855607821,
      "f1_test": 0.7429604463199733,
      "f1_train": 0.7474721532936921,
      "roc_auc_test": 0.8118331320537076,
      "roc_auc_train": 0.8166427589476803
    },
    "std_scores": {
      "accuracy_test": 0.008502400002744362,
      "accuracy_train": 0.0014262520266930742,
      "precision_test": 0.007573811109314591,
      "precision_train": 0.0012289880296600794,
      "recall_test": 0.020835398731590588,
      "recall_train": 0.002545397521000642,
      "f1_test": 0.011013829561780647,
      "f1_train": 0.0016218384076770339,
      "roc_auc_test": 0.00703994934511805,
      "roc_auc_train": 0.0022028778142729596
    }
  },
  "val_metrics": {
    "accuracy": 0.6851248642779587,
    "precision": 0.1245674740484429,
    "recall": 0.4931506849315068,
    "f1": 0.19889502762430938,
    "roc_auc": 0.6437548462134919,
    "pr_auc": 0.12844315592526473
  },
  "test_metrics": {
    "accuracy": 0.6917510853835022,
    "precision": 0.07936507936507936,
    "recall": 0.2777777777777778,
    "f1": 0.12345679012345678,
    "roc_auc": 0.5272399558113844,
    "pr_auc": 0.08721697550440614,
    "confusion_matrix": [
      [
        463,
        174
      ],
      [
        39,
        15
      ]
    ]
  }
}