{
  "model_name": "naive_bayes",
  "balancing_method": "smote",
  "best_params": {
    "var_smoothing": 1e-09
  },
  "cv_results": {
    "cv_scores": {
      "accuracy_test": [
        0.6790571169537625,
        0.6826835902085222,
        0.6742286751361162,
        0.6678765880217786,
        0.6687840290381125
      ],
      "accuracy_train": [
        0.6761170333408937,
        0.6729417101383534,
        0.6746031746031746,
        0.6759637188208617,
        0.6773242630385488
      ],
      "precision_test": [
        0.6373779637377964,
        0.6395027624309392,
        0.6375358166189111,
        0.6290097629009763,
        0.626358695652174
      ],
      "precision_train": [
        0.6364594309799789,
        0.6324756606397774,
        0.6338664812239221,
        0.6356643356643357,
        0.6360473208072372
      ],
      "recall_test": [
        0.8294010889292196,
        0.8387681159420289,
        0.8076225045372051,
        0.8185117967332124,
        0.8366606170598911
      ],
      "recall_train": [
        0.8217687074829932,
        0.8253176043557169,
        0.8267573696145125,
        0.8244897959183674,
        0.8290249433106576
      ],
      "f1_test": [
        0.7208201892744479,
        0.725705329153605,
        0.7125700560448359,
        0.7113564668769716,
        0.7163947163947164
      ],
      "f1_train": [
        0.7173396674584323,
        0.7161417322834646,
        0.717575280456603,
        0.7178677196446199,
        0.7198267375467612
      ],
      "roc_auc_test": [
        0.7676227675635867,
        0.7818656461243063,
        0.7586668028102674,
        0.7489863340371079,
        0.7590785274093301
      ],
      "roc_auc_train": [
        0.7642034067105365,
        0.7640647184463623,
        0.7649913359145624,
        0.765191046940318,
        0.769222494742417
      ]
    },
    "mean_scores": {
      "accuracy_test": 0.6745259998716583,
      "accuracy_train": 0.6753899799883664,
      "precision_test": 0.6339570002681594,
      "precision_train": 0.6349026458630502,
      "recall_test": 0.8261928246403114,
      "recall_train": 0.8254716841364494,
      "f1_test": 0.7173693515489153,
      "f1_train": 0.7177502274779762,
      "roc_auc_test": 0.7632440155889197,
      "roc_auc_train": 0.7655346005508392
    },
    "std_scores": {
      "accuracy_test": 0.005733247092473993,
      "accuracy_train": 0.0014974860076946719,
      "precision_test": 0.005243582479635027,
      "precision_train": 0.00150186060703958,
      "recall_test": 0.011677847127372546,
      "recall_train": 0.002407426802844779,
      "f1_test": 0.005320427365000275,
      "f1_train": 0.0011926542881900337,
      "roc_auc_test": 0.011022905646700654,
      "roc_auc_train": 0.0018945373872333935
    }
  },
  "val_metrics": {
    "accuracy": 0.5179153094462541,
    "precision": 0.1044776119402985,
    "recall": 0.6712328767123288,
    "f1": 0.18081180811808117,
    "roc_auc": 0.630460067200827,
    "pr_auc": 0.11602781642186688
  },
  "test_metrics": {
    "accuracy": 0.5195369030390738,
    "precision": 0.08132530120481928,
    "recall": 0.5,
    "f1": 0.13989637305699482,
    "roc_auc": 0.5073550787836503,
    "pr_auc": 0.08495608076577801,
    "confusion_matrix": [
      [
        332,
        305
      ],
      [
        27,
        27
      ]
    ]
  }
}