{
  "model_name": "random_forest",
  "balancing_method": "none",
  "best_params": {
    "class_weight": null,
    "max_depth": 10,
    "min_samples_leaf": 2,
    "min_samples_split": 5,
    "n_estimators": 50
  },
  "cv_results": {
    "cv_scores": {
      "accuracy_test": [
        0.9232053422370617,
        0.9214046822742475,
        0.9214046822742475,
        0.9214046822742475,
        0.9214046822742475
      ],
      "accuracy_train": [
        1.0,
        1.0,
        1.0,
        1.0,
        1.0
      ],
      "precision_test": [
        1.0,
        0.0,
        0.0,
        0.0,
        0.0
      ],
      "precision_train": [
        1.0,
        1.0,
        1.0,
        1.0,
        1.0
      ],
      "recall_test": [
        0.02127659574468085,
        0.0,
        0.0,
        0.0,
        0.0
      ],
      "recall_train": [
        1.0,
        1.0,
        1.0,
        1.0,
        1.0
      ],
      "f1_test": [
        0.041666666666666664,
        0.0,
        0.0,
        0.0,
        0.0
      ],
      "f1_train": [
        1.0,
        1.0,
        1.0,
        1.0,
        1.0
      ],
      "roc_auc_test": [
        0.6657994141227257,
        0.65996061319844,
        0.6576823570297718,
        0.668455805691779,
        0.690562613430127
      ],
      "roc_auc_train": [
        1.0,
        1.0,
        1.0,
        1.0,
        1.0
      ]
    },
    "mean_scores": {
      "accuracy_test": 0.9217648142668103,
      "accuracy_train": 1.0,
      "precision_test": 0.2,
      "precision_train": 1.0,
      "recall_test": 0.00425531914893617,
      "recall_train": 1.0,
      "f1_test": 0.008333333333333333,
      "f1_train": 1.0,
      "roc_auc_test": 0.6684921606945686,
      "roc_auc_train": 1.0
    },
    "std_scores": {
      "accuracy_test": 0.0007202639851256798,
      "accuracy_train": 0.0,
      "precision_test": 0.4000000000000001,
      "precision_train": 0.0,
      "recall_test": 0.00851063829787234,
      "recall_train": 0.0,
      "f1_test": 0.016666666666666666,
      "f1_train": 0.0,
      "roc_auc_test": 0.011696121132145217,
      "roc_auc_train": 0.0
    }
  },
  "val_metrics": {
    "accuracy": 0.9207383279044516,
    "precision": 0.0,
    "recall": 0.0,
    "f1": 0.0,
    "roc_auc": 0.681442233135177,
    "pr_auc": 0.18707663250736556
  },
  "test_metrics": {
    "accuracy": 0.9218523878437048,
    "precision": 0.0,
    "recall": 0.0,
    "f1": 0.0,
    "roc_auc": 0.6465492179777894,
    "pr_auc": 0.11242451770905582,
    "confusion_matrix": [
      [
        637,
        0
      ],
      [
        54,
        0
      ]
    ]
  }
}