{
  "model_name": "random_forest",
  "balancing_method": "smote",
  "best_params": {
    "class_weight": "balanced",
    "max_depth": null,
    "min_samples_leaf": 1,
    "min_samples_split": 2,
    "n_estimators": 200
  },
  "cv_results": {
    "cv_scores": {
      "accuracy_test": [
        0.9637352674524026,
        0.958295557570263,
        0.957350272232305,
        0.9591651542649727,
        0.957350272232305
      ],
      "accuracy_train": [
        1.0,
        1.0,
        1.0,
        1.0,
        1.0
      ],
      "precision_test": [
        0.952212389380531,
        0.9485815602836879,
        0.9516129032258065,
        0.953405017921147,
        0.9483985765124555
      ],
      "precision_train": [
        1.0,
        1.0,
        1.0,
        1.0,
        1.0
      ],
      "recall_test": [
        0.9764065335753176,
        0.9692028985507246,
        0.9637023593466425,
        0.9655172413793104,
        0.9673321234119783
      ],
      "recall_train": [
        1.0,
        1.0,
        1.0,
        1.0,
        1.0
      ],
      "f1_test": [
        0.96415770609319,
        0.9587813620071685,
        0.957619477006312,
        0.9594229035166817,
        0.9577717879604672
      ],
      "f1_train": [
        1.0,
        1.0,
        1.0,
        1.0,
        1.0
      ],
      "roc_auc_test": [
        0.9946967305820773,
        0.993411189142271,
        0.9929529217624448,
        0.9908811235799618,
        0.9920372462541295
      ],
      "roc_auc_train": [
        1.0,
        1.0,
        1.0,
        1.0,
        1.0
      ]
    },
    "mean_scores": {
      "accuracy_test": 0.9591793047504498,
      "accuracy_train": 1.0,
      "precision_test": 0.9508420894647255,
      "precision_train": 1.0,
      "recall_test": 0.9684322312527947,
      "recall_train": 1.0,
      "f1_test": 0.9595506473167639,
      "f1_train": 1.0,
      "roc_auc_test": 0.9927958422641769,
      "roc_auc_train": 1.0
    },
    "std_scores": {
      "accuracy_test": 0.0023760776654467635,
      "accuracy_train": 0.0,
      "precision_test": 0.002006052128559821,
      "precision_train": 0.0,
      "recall_test": 0.004387767475325973,
      "recall_train": 0.0,
      "f1_test": 0.002396950909506417,
      "f1_train": 0.0,
      "roc_auc_test": 0.001285170626214949,
      "roc_auc_train": 0.0
    }
  },
  "val_metrics": {
    "accuracy": 0.8805646036916395,
    "precision": 0.06976744186046512,
    "recall": 0.0410958904109589,
    "f1": 0.05172413793103448,
    "roc_auc": 0.6100332773326441,
    "pr_auc": 0.10672797225398463
  },
  "test_metrics": {
    "accuracy": 0.8929088277858177,
    "precision": 0.045454545454545456,
    "recall": 0.018518518518518517,
    "f1": 0.02631578947368421,
    "roc_auc": 0.513154834583406,
    "pr_auc": 0.07695557884840327,
    "confusion_matrix": [
      [
        616,
        21
      ],
      [
        53,
        1
      ]
    ]
  }
}